phone,business_name,date_exported,source
8482954799,Lamb's Mathematics Classes,2026-06-09,HOT_LEADS
9260676188,Dr.nahar's House Of Biology,2026-06-09,HOT_LEADS
9850063399,Ahuja Classes,2026-06-09,HOT_LEADS
9890911383,Aniket Thakare Chemistry Classes,2026-06-09,HOT_LEADS
9890664006,Atharva Maths Classes,2026-06-09,HOT_LEADS
8237658801,Catalyser,2026-06-09,HOT_LEADS
9022282656,Chetan Sir's Calculus Academy,2026-06-09,HOT_LEADS
9325515878,Divya Maam's Chemia Coaching Classes,2026-06-09,HOT_LEADS
8975738087,Jayhari Shep Physics Classes,2026-06-09,HOT_LEADS
7020521369,Prabhas Capital Stock Market Academy,2026-06-09,HOT_LEADS
8149694591,Range Sir Biology Classes,2026-06-09,HOT_LEADS
8380885566,Rg Classes 11th 12th Commerce Classes,2026-06-09,HOT_LEADS
7373061111,Rise,2026-06-09,HOT_LEADS
9834768688,Shreee Ganesh Classes,2026-06-09,HOT_LEADS
8380000919,Vidyamandir Career Institute,2026-06-09,HOT_LEADS
8830110501,8 To 10 All Subjects Ahmednagar Vision Academy,2026-06-09,HOT_LEADS
8087960606,Abhay Mankar Sir's Aim Coaching Classes,2026-06-09,HOT_LEADS
8857087569,Anomalous Coaching Classes,2026-06-09,HOT_LEADS
9970383914,Chemguru Science Academy Coaching Class,2026-06-09,HOT_LEADS
9595953085,Durekar Science Academy,2026-06-09,HOT_LEADS
8975469169,Excellent Commerce Academy,2026-06-09,HOT_LEADS
8149912550,Gupta Sirs Shri Sai Commerce Classes,2026-06-09,HOT_LEADS
8888236879,Guru Commerce Academy,2026-06-09,HOT_LEADS
9623685696,J.k. Academy All Subjects Under One Roof,2026-06-09,HOT_LEADS
7875100199,Jha S Academy,2026-06-09,HOT_LEADS
7588224447,Joshi Coaching Classes,2026-06-09,HOT_LEADS
9923222488,Karale Math & B K Physics Academy A.ngar,2026-06-09,HOT_LEADS
9881534999,Nath Computer Institute Beed,2026-06-09,HOT_LEADS
8668437970,Sf UPSC NDA Academy,2026-06-09,HOT_LEADS
9545094647,Sk.s Class,2026-06-09,HOT_LEADS
9922960305,Autocrat Coaching Classes,2026-06-09,HOT_LEADS
9604334722,Ideal Coaching Classes,2026-06-09,HOT_LEADS
9881331553,Kedia Commerce Classes Kc2,2026-06-09,HOT_LEADS
9960632811,Kumar Academy Rajiv Sir,2026-06-09,HOT_LEADS
8983315203,Awacademy,2026-06-09,HOT_LEADS
9860729992,Kandake Chemistry Academy,2026-06-09,HOT_LEADS
7758816553,Resonance Academy,2026-06-09,HOT_LEADS
9370811902,Shastrakar Sir's Utkarsh Education Akola,2026-06-09,HOT_LEADS
9422227464,Fca Academy,2026-06-09,HOT_LEADS
9422164530,Niraj Rathi's Career Forum Akola Nrcf,2026-06-09,HOT_LEADS
9049433433,Lalit Tutorial Campus 4,2026-06-09,HOT_LEADS
9823651265,Ajay Kute Academy,2026-06-09,HOT_LEADS
9970415919,Pol Class,2026-06-09,HOT_LEADS
9422865474,Sai Coaching Classes,2026-06-09,HOT_LEADS
9176204466,Unique Academy,2026-06-09,HOT_LEADS
